[
  {
    "title": "Tuần 1 (Tháng 1)",
    "tasks": [
      {
        "skill": "Phát âm",
        "text": "20 phút: Học 10 âm IPA + đọc to 10 từ",
        "link": "https://www.bbc.co.uk/learningenglish/english/features/pronunciation"
      },
      {
        "skill": "Ngữ pháp",
        "text": "20 phút: Present Simple (form & use) + 5 câu tập",
        "link": "https://test-english.com/grammar-points/a2/"
      },
      {
        "skill": "Từ vựng",
        "text": "15 phút: 10 từ chủ đề Family (nghe + đặt câu)",
        "link": "https://www.oxfordlearnersdictionaries.com/wordlists/oxford3000-5000"
      },
      {
        "skill": "Kỹ năng",
        "text": "20 phút: Nghe 1–2 phút & shadowing (lặp lại)",
        "link": "https://learnenglish.britishcouncil.org/skills/listening/a2-listening"
      },
      {
        "skill": "Phát âm",
        "text": "10 phút: luyện âm khó + so sánh UK/US",
        "link": "https://www.bbc.co.uk/learningenglish/english/features/pronunciation"
      },
      {
        "skill": "Ngữ pháp",
        "text": "15 phút: Luyện bài tập Present Simple",
        "link": "https://test-english.com/grammar-points/a2/"
      },
      {
        "skill": "Ôn",
        "text": "Ôn cả tuần: nghe 10 phút + ôn 30 từ mới",
        "link": ""
      }
    ]
  },
  {
    "title": "Tuần 2 (Tháng 1)",
    "tasks": [
      {
        "skill": "Phát âm",
        "text": "20 phút: Học 10 âm IPA tiếp theo",
        "link": "https://www.bbc.co.uk/learningenglish/english/features/pronunciation"
      },
      {
        "skill": "Ngữ pháp",
        "text": "20 phút: Past Simple (form & use) + 5 câu tập",
        "link": "https://test-english.com/grammar-points/a2/"
      },
      {
        "skill": "Từ vựng",
        "text": "15 phút: 10 từ chủ đề School/Work",
        "link": "https://www.oxfordlearnersdictionaries.com/wordlists/oxford3000-5000"
      },
      {
        "skill": "Kỹ năng",
        "text": "20 phút: Đọc to 1 đoạn 80–100 từ",
        "link": "https://learnenglish.britishcouncil.org/skills/reading/a2-reading"
      },
      {
        "skill": "Phát âm",
        "text": "10 phút: nối âm & luyện đọc",
        "link": "https://www.bbc.co.uk/learningenglish/english/features/pronunciation/sounds"
      },
      {
        "skill": "Ngữ pháp",
        "text": "15 phút: Luyện bài tập Past Simple",
        "link": "https://test-english.com/grammar-points/a2/"
      },
      {
        "skill": "Ôn",
        "text": "Ôn cả tuần: viết 3 câu nhật ký + ôn 30 từ mới",
        "link": ""
      }
    ]
  },
  {
    "title": "Tuần 3 (Tháng 1)",
    "tasks": [
      {
        "skill": "Phát âm",
        "text": "20 phút: Luyện trọng âm từ  và câu",
        "link": "https://www.bbc.co.uk/learningenglish/english/features/pronunciation/sounds"
      },
      {
        "skill": "Ngữ pháp",
        "text": "20 phút: Future Simple (will) + bài tập",
        "link": "https://test-english.com/grammar-points/a2/"
      },
      {
        "skill": "Từ vựng",
        "text": "15 phút: 10 từ chủ đề Food",
        "link": "https://www.oxfordlearnersdictionaries.com/wordlists/oxford3000-5000"
      },
      {
        "skill": "Kỹ năng",
        "text": "20 phút: Nghe hội thoại 1–2 phút + tóm ý",
        "link": "https://learnenglish.britishcouncil.org/skills/listening/a2-listening"
      },
      {
        "skill": "Phát âm",
        "text": "10 phút: phát âm từ mới + lặp lại",
        "link": "https://www.bbc.co.uk/learningenglish/english/features/pronunciation"
      },
      {
        "skill": "Ngữ pháp",
        "text": "15 phút: Ôn 3 thì cơ bản qua bài tập",
        "link": "https://test-english.com/grammar-points/a2/"
      },
      {
        "skill": "Ôn",
        "text": "Ôn cả tuần: nghe + nói ngắn, ôn từ",
        "link": ""
      }
    ]
  },
  {
    "title": "Tuần 4 (Tháng 1)",
    "tasks": [
      {
        "skill": "Phát âm",
        "text": "20 phút: Nghe & bắt chước (shadowing) 1 đoạn ngắn",
        "link": "https://www.bbc.co.uk/learningenglish/english/features/pronunciation"
      },
      {
        "skill": "Ngữ pháp",
        "text": "20 phút: Ôn lại Present/Past/Future + bài tập",
        "link": "https://test-english.com/grammar-points/a2/"
      },
      {
        "skill": "Từ vựng",
        "text": "15 phút: 10 từ chủ đề Daily routine",
        "link": "https://www.oxfordlearnersdictionaries.com/wordlists/oxford3000-5000"
      },
      {
        "skill": "Kỹ năng",
        "text": "20 phút: Luyện nói: giới thiệu bản thân 1 phút",
        "link": "https://learnenglish.britishcouncil.org/skills/speaking/a2-speaking"
      },
      {
        "skill": "Phát âm",
        "text": "10 phút: luyện âm khó",
        "link": "https://www.bbc.co.uk/learningenglish/english/features/pronunciation/sounds"
      },
      {
        "skill": "Ngữ pháp",
        "text": "15 phút: Test ngắn 10 câu",
        "link": "https://test-english.com/grammar-points/a2/"
      },
      {
        "skill": "Ôn",
        "text": "Ôn cả tuần + tự test",
        "link": ""
      }
    ]
  },
  {
    "title": "Tuần 5 (Tháng 2)",
    "tasks": [
      {
        "skill": "Phát âm",
        "text": "15 phút: luyện nối âm & trọng âm",
        "link": "https://www.bbc.co.uk/learningenglish/english/features/pronunciation/sounds"
      },
      {
        "skill": "Ngữ pháp",
        "text": "25 phút: Present Continuous (form & use) + bài tập",
        "link": "https://www.perfect-english-grammar.com/a2-grammar-exercises.html"
      },
      {
        "skill": "Từ vựng",
        "text": "20 phút: 15 từ chủ đề Food",
        "link": "https://learnenglish.britishcouncil.org/vocabulary/a2-vocabulary"
      },
      {
        "skill": "Kỹ năng",
        "text": "25 phút: Đọc 100–150 từ + trả lời câu hỏi",
        "link": "https://learnenglish.britishcouncil.org/skills/reading/a2-reading"
      },
      {
        "skill": "Phát âm",
        "text": "10 phút: đọc to + ghi âm giọng mình",
        "link": "https://www.bbc.co.uk/learningenglish/english/features/pronunciation"
      },
      {
        "skill": "Ngữ pháp",
        "text": "15 phút: Bài tập Present Continuous",
        "link": "https://www.perfect-english-grammar.com/a2-grammar-exercises.html"
      },
      {
        "skill": "Ôn",
        "text": "Ôn cả tuần: viết 4 câu + ôn 50 từ",
        "link": ""
      }
    ]
  },
  {
    "title": "Tuần 6 (Tháng 2)",
    "tasks": [
      {
        "skill": "Phát âm",
        "text": "15 phút: luyện âm /θ/ /ð/ /ʃ/ /ʒ/",
        "link": "https://www.bbc.co.uk/learningenglish/english/features/pronunciation/sounds"
      },
      {
        "skill": "Ngữ pháp",
        "text": "25 phút: Past Continuous + bài tập",
        "link": "https://www.perfect-english-grammar.com/a2-grammar-exercises.html"
      },
      {
        "skill": "Từ vựng",
        "text": "20 phút: 15 từ chủ đề Travel",
        "link": "https://learnenglish.britishcouncil.org/vocabulary/a2-vocabulary"
      },
      {
        "skill": "Kỹ năng",
        "text": "25 phút: Nghe 2–3 phút + ghi ý chính",
        "link": "https://learnenglish.britishcouncil.org/skills/listening/a2-listening"
      },
      {
        "skill": "Phát âm",
        "text": "10 phút: luyện đọc nhanh (fluency)",
        "link": "https://www.bbc.co.uk/learningenglish/english/features/pronunciation"
      },
      {
        "skill": "Ngữ pháp",
        "text": "15 phút: Bài tập Past Continuous",
        "link": "https://www.perfect-english-grammar.com/a2-grammar-exercises.html"
      },
      {
        "skill": "Ôn",
        "text": "Ôn cả tuần: viết 5 câu + ôn 50 từ",
        "link": ""
      }
    ]
  },
  {
    "title": "Tuần 7 (Tháng 2)",
    "tasks": [
      {
        "skill": "Phát âm",
        "text": "15 phút: trọng âm câu & ngữ điệu",
        "link": "https://www.bbc.co.uk/learningenglish/english/features/pronunciation/sounds"
      },
      {
        "skill": "Ngữ pháp",
        "text": "25 phút: Comparatives & Superlatives",
        "link": "https://www.perfect-english-grammar.com/a2-grammar-exercises.html"
      },
      {
        "skill": "Từ vựng",
        "text": "20 phút: 15 từ chủ đề Weather/Health",
        "link": "https://learnenglish.britishcouncil.org/vocabulary/a2-vocabulary"
      },
      {
        "skill": "Kỹ năng",
        "text": "25 phút: Đọc + tóm ý 120–150 từ",
        "link": "https://learnenglish.britishcouncil.org/skills/reading/a2-reading"
      },
      {
        "skill": "Phát âm",
        "text": "10 phút: shadowing đoạn ngắn",
        "link": "https://www.bbc.co.uk/learningenglish/english/features/pronunciation"
      },
      {
        "skill": "Ngữ pháp",
        "text": "15 phút: Bài tập So sánh",
        "link": "https://www.perfect-english-grammar.com/a2-grammar-exercises.html"
      },
      {
        "skill": "Ôn",
        "text": "Ôn cả tuần: test nhỏ + ôn từ",
        "link": ""
      }
    ]
  },
  {
    "title": "Tuần 8 (Tháng 2)",
    "tasks": [
      {
        "skill": "Phát âm",
        "text": "15 phút: âm cuối & linking",
        "link": "https://www.bbc.co.uk/learningenglish/english/features/pronunciation/sounds"
      },
      {
        "skill": "Ngữ pháp",
        "text": "25 phút: Ôn lại 5 thì + bài tập",
        "link": "https://www.perfect-english-grammar.com/a2-grammar-exercises.html"
      },
      {
        "skill": "Từ vựng",
        "text": "20 phút: 15 từ chủ đề Shopping/Services",
        "link": "https://learnenglish.britishcouncil.org/vocabulary/a2-vocabulary"
      },
      {
        "skill": "Kỹ năng",
        "text": "25 phút: Viết đoạn 4–5 câu (describe a day)",
        "link": "https://learnenglish.britishcouncil.org/skills/writing/a2-writing"
      },
      {
        "skill": "Phát âm",
        "text": "10 phút: luyện nói 1 phút",
        "link": "https://www.bbc.co.uk/learningenglish/english/features/pronunciation"
      },
      {
        "skill": "Ngữ pháp",
        "text": "15 phút: Test tuần",
        "link": "https://test-english.com/grammar-points/a2/"
      },
      {
        "skill": "Ôn",
        "text": "Ôn cả tuần: tổng kết + ôn từ",
        "link": ""
      }
    ]
  },
  {
    "title": "Tuần 9 (Tháng 3)",
    "tasks": [
      {
        "skill": "Phát âm",
        "text": "15 phút: ngữ điệu câu, cảm xúc",
        "link": "https://www.bbc.co.uk/learningenglish/english/features/pronunciation/quick"
      },
      {
        "skill": "Ngữ pháp",
        "text": "25 phút: Present Perfect (giới thiệu) + bài tập",
        "link": "https://test-english.com/grammar-points/a2/present-perfect/"
      },
      {
        "skill": "Từ vựng",
        "text": "20 phút: 15 từ chủ đề Technology",
        "link": "https://www.linguahouse.com/esl-lesson-plans/levels/a2"
      },
      {
        "skill": "Kỹ năng",
        "text": "30 phút: Nghe 3–4 phút + ghi ý chính",
        "link": "https://learnenglish.britishcouncil.org/skills/listening/a2-listening"
      },
      {
        "skill": "Phát âm",
        "text": "10 phút: luyện nói tự nhiên (2 phút)",
        "link": "https://www.bbc.co.uk/learningenglish/english/features/pronunciation/quick"
      },
      {
        "skill": "Ngữ pháp",
        "text": "15 phút: Bài tập Present Perfect",
        "link": "https://test-english.com/grammar-points/a2/present-perfect/"
      },
      {
        "skill": "Ôn",
        "text": "Ôn cả tuần: viết 6 câu + ôn 60 từ",
        "link": ""
      }
    ]
  },
  {
    "title": "Tuần 10 (Tháng 3)",
    "tasks": [
      {
        "skill": "Phát âm",
        "text": "15 phút: luyện ngữ điệu & emphasis",
        "link": "https://www.bbc.co.uk/learningenglish/english/features/pronunciation/quick"
      },
      {
        "skill": "Ngữ pháp",
        "text": "25 phút: Modal verbs (can/should/must) + bài tập",
        "link": "https://test-english.com/grammar-points/a2/present-perfect/"
      },
      {
        "skill": "Từ vựng",
        "text": "20 phút: 15 từ chủ đề Feelings/Entertainment",
        "link": "https://www.linguahouse.com/esl-lesson-plans/levels/a2"
      },
      {
        "skill": "Kỹ năng",
        "text": "30 phút: Nói 2–3 phút (kể 1 ngày cuối tuần)",
        "link": "https://learnenglish.britishcouncil.org/skills/speaking/a2-speaking"
      },
      {
        "skill": "Phát âm",
        "text": "10 phút: ghi âm & nghe lại bản thân",
        "link": "https://www.bbc.co.uk/learningenglish/english/features/pronunciation/quick"
      },
      {
        "skill": "Ngữ pháp",
        "text": "15 phút: Bài tập modal verbs",
        "link": "https://test-english.com/grammar-points/a2/present-perfect/"
      },
      {
        "skill": "Ôn",
        "text": "Ôn cả tuần: test + ôn từ",
        "link": ""
      }
    ]
  },
  {
    "title": "Tuần 11 (Tháng 3)",
    "tasks": [
      {
        "skill": "Phát âm",
        "text": "15 phút: practice fluency (connected speech)",
        "link": "https://www.bbc.co.uk/learningenglish/english/features/pronunciation/quick"
      },
      {
        "skill": "Ngữ pháp",
        "text": "25 phút: Wh-questions + bài tập",
        "link": "https://test-english.com/grammar-points/a2/present-perfect/"
      },
      {
        "skill": "Từ vựng",
        "text": "20 phút: 15 từ chủ đề Work/Jobs",
        "link": "https://www.linguahouse.com/esl-lesson-plans/levels/a2"
      },
      {
        "skill": "Kỹ năng",
        "text": "30 phút: Viết đoạn 6–8 câu (My family / A trip)",
        "link": "https://learnenglish.britishcouncil.org/skills/writing/a2-writing"
      },
      {
        "skill": "Phát âm",
        "text": "10 phút: luyện nói 2 phút",
        "link": "https://www.bbc.co.uk/learningenglish/english/features/pronunciation/quick"
      },
      {
        "skill": "Ngữ pháp",
        "text": "15 phút: Test nhỏ Wh-questions",
        "link": "https://test-english.com/grammar-points/a2/present-perfect/"
      },
      {
        "skill": "Ôn",
        "text": "Ôn cả tuần: tổng kết + ôn từ",
        "link": ""
      }
    ]
  },
  {
    "title": "Tuần 12 (Tháng 3)",
    "tasks": [
      {
        "skill": "Phát âm",
        "text": "15 phút: final fluency practice",
        "link": "https://www.bbc.co.uk/learningenglish/english/features/pronunciation/quick"
      },
      {
        "skill": "Ngữ pháp",
        "text": "25 phút: Ôn 6 thì + modal + Wh",
        "link": "https://test-english.com/grammar-points/a2/"
      },
      {
        "skill": "Từ vựng",
        "text": "20 phút: ôn 150–200 từ đã học",
        "link": "https://www.oxfordlearnersdictionaries.com/wordlists/oxford3000-5000"
      },
      {
        "skill": "Kỹ năng",
        "text": "30 phút: Speaking 3 phút + Writing 8 câu (tự test)",
        "link": "https://learnenglish.britishcouncil.org/skills/speaking/a2-speaking"
      },
      {
        "skill": "Phát âm",
        "text": "10 phút: ghi âm & chỉnh ngữ điệu",
        "link": "https://www.bbc.co.uk/learningenglish/english/features/pronunciation/quick"
      },
      {
        "skill": "Ngữ pháp",
        "text": "15 phút: Final test (20 câu)",
        "link": "https://test-english.com/grammar-points/a2/"
      },
      {
        "skill": "Ôn",
        "text": "Review + kế hoạch tiếp theo (B1)",
        "link": ""
      }
    ]
  }
]